Tanggal,Judul,Isi Berita,Narasi,Clean Narasi,hoax
8-Nov-22,ISEKDA SUMEDANG MEMBAGIKAN DONASI KEPADA LEMBAGA,HOAX-Imposter Content,"Beredar akun whatsapp mengatasnamakan Sekda Sumedang, Herman Suryatman. Akun yang bersangkutan mengirimkan pesan akan memberikan donasi kepada lembaga melalui program apresiasi peduli pendidikan kebudayaan dan metode penghapal al-quran. Dilansir oleh akun @halosumedang_, yang merupakan akun sosial media Prokopim Sumedang, bahwa akun whatsapp yang beredar adalah penipuan. Kami mengimbau kepada warga Sumedang untuk berhati-hati dan tidak merespon jika ada yang mengatasnamakan Sekda Sumedang. Kesimpulan: Sekda Sumedang Membagikan Donasi Kepada Lembaga adalah tidak benar.","Beredar akun whatsapp mengatasnamakan Sekda Sumedang, Herman Suryatman, yang mengirimkan pesan memberikan donasi kepada lembaga melalui program apresiasi peduli pendidikan kebudayaan dan metode penghapal al-quran. Akun @halosumedang_ (Prokopim Sumedang) menyatakan akun whatsapp tersebut penipuan. Sekda Sumedang Membagikan Donasi Kepada Lembaga adalah tidak benar.",1
23-Jan-23,PENCULIKAN ANAK SEKOLAH DI RANCAKALONG. 9 SISWA SD DIPAKSA MASUK MOBIL,Misleading content,"Setelah melakukan penelusuran, Polres Sumedang AKBP menyatakan bahwa isu penculikan anak sekolah di Rancakalong, Sumedang Jawa Barat (Jabar) adalah bohong.","Polres Sumedang AKBP menyatakan bahwa isu penculikan anak sekolah di Rancakalong, Sumedang Jawa Barat adalah bohong.",1
25-Jan-23,NOMOR WHATSAPP MENGATASNAMAKAN KETUA BAZNAS KABUPATEN SUMEDANG,IMPOSTER CONTENT,"Dilansir dari kabarpriangan pikiran-rakyat.com, akun tersebut bukanlah milik Ayi Sutihan. Ayi menyebutkan, penipu yang menggunakan nama dan foto dirinya itu menawarkan jasa lelang kendaraan baru dengan suku bunga 0%. Pembayaran dapat dilakukan secara tunai atau dapat juga diangsur. Namun, penipu tersebut meminta ditransfer untuk uang mukanya dulu saja.",Penipu mengatasnamakan Ketua Baznas Sumedang (Ayi Sutihan) menawarkan jasa lelang kendaraan baru dengan suku bunga 0% dan meminta transfer uang muka. Ayi Sutihan menyatakan akun tersebut bukan miliknya.,1
13-Jun-23,KARNAVAL SMTV DI ALUN-ALUN PASEH KABUPATEN SUMEDANG,Imposter content,"Telah tersebar poster ""Karnaval SMTV"" yang katanya akan digelar Sabtu dan Minggu 17-18 Juni di Alun-alun Paseh Kabupaten Sumedang, acara tersebut sebut akan dimeriahkan oleh beberapa artis seperti Sule, Mang Adeng, Dede Sunandar, Pesulap Merah dan Marsel.","Telah tersebar poster ""Karnaval SMTV"" yang diklaim akan digelar 17-18 Juni di Alun-alun Paseh Sumedang dan dimeriahkan oleh artis seperti Sule, Dede Sunandar, Pesulap Merah.",1
27-Jun-23,HATI-HATI! PENIPUAN MENGATASNAMAKAN GURU SMAN 1 CONGGEANG,Penipuan,"Beredar nomer WhatsApp yang mengaku sebagai Guru SMAN 1 Conggeang, menawarkan beberapa amalan pulsa dan saldo elektronik dengan alasan nomor tersebut adalah kartu berhadiah. Diimbau berhati-hati jangan langsung mentransfer apapun kepada nomor tersebut. BERIKUT NOMORNYA: +62 831-4655-8258.",Beredar nomor WhatsApp mengatasnamakan Guru SMAN 1 Conggeang yang menawarkan amalan pulsa/saldo elektronik (kartu berhadiah) dan meminta transfer. Masyarakat diimbau berhati-hati.,1
4-Aug-23,HATI-HATI PENIPUAN MENGATASNAMAKAN DANDIM 0610 SUMEDANG,Penipuan,Dandim 0610 Sumedang menyampaikan ada nomor baru yang mengatasnamakan Dandim Sumedang dan meminta barang. Berhati-hatilah dan abaikan pesan tersebut karena saat ini Dandim 0610 Sumedang yang sah tidak sedang meminta apapun.,Beredar nomor baru mengatasnamakan Dandim 0610 Sumedang yang meminta barang. Dandim 0610 Sumedang mengimbau masyarakat untuk mengabaikan pesan tersebut.,1
22-Sep-23,HATI-HATI PENIPUAN MENGATASNAMAKAN KEMENAG SUMEDANG,Penipuan,"Baru-baru ini ada akun yang mengatasnamakan Kepala Kemenag Sumedang dan Bapak SASANG ARIPUDIN, MA. Kemenag Sumedang tidak pernah meminta uang atau sesuatu apapun melalui WhatsApp.","Beredar akun mengatasnamakan Kepala Kemenag Sumedang (Bapak Sasang Aripudin, MA). Kemenag Sumedang menegaskan tidak pernah meminta uang atau sesuatu apapun melalui WhatsApp.",1
11-Oct-23,PJ BUPATI SUMEDANG MEMINTA DONASI UNTUK BANTUAN TEMPAT IBADAH DAN MADIN SUMEDANG,Impostor content,Beredar sebuah akun WhatsApp mengatasnamakan Pj Bupati Sumedang Herman Suryatman dengan nomor +62 821-3245-7379 menyampaikan perihal Bantuan Donasi yang dibagikan oleh Pemkab diperuntukan tempat ibadah dan madin khususnya di wilayah Pemkab Sumedang.,Beredar akun WhatsApp mengatasnamakan Pj Bupati Sumedang Herman Suryatman yang meminta Donasi untuk bantuan tempat ibadah dan madin.,1
1-Jan-24,LANTAI 7 RSUD SUMEDANG RUNTUH DAN AKAN ADA GEMPA SUSULAN,Misleading content,"Postingan di berbagai media sosial tentang kondisi Bangunan RSUD Sumedang yang runtuh akibat gempa M4.8 sudah tersebar luas, juga adanya kabar bahwa akan ada gempa susulan tidak lama setelah gempa sebelumnya.",Beredar postingan media sosial yang mengklaim lantai 7 RSUD Sumedang runtuh akibat gempa M4.8 dan akan ada gempa susulan.,1
1-Jan-24,KORBAN CEDERA AKIBAT GEMPA SUMEDANG DI RSUD SUMEDANG,Misleading content,Beredar video pasca gempa bumi Sumedang yang diinterpretasi bahwa orang-orang yang berada pada video tersebut adalah para korban bencana gempa bumi yang terjadi pada Minggu malam 31 Desember 2023.,Beredar video pasca gempa Sumedang yang salah diinterpretasikan bahwa orang-orang di video adalah korban cedera gempa.,1
2-Jan-24,RETAKAN' DI DINDING TWIN TUNNEL TOL CISUMDAWU TERNYATA KOTORAN LABA-LABA,Misleading content,Beredar kabar gempa M4.8 di Sumedang mengakibatkan dinding twin tunnel atau terowongan kembar Tol Cisumdawu mengalami keretakan.,Beredar kabar gempa M4.8 di Sumedang mengakibatkan dinding twin tunnel Tol Cisumdawu mengalami keretakan.,1
2-Jan-24,CADASPANGERAN LONGSOR AKIBAT GEMPA BUMI M4.8 SUMEDANG,False Context,"Beredar pesan berantai di media sosial whatsapp dengan narasi ""Ya Allah doa terus, Cadas Pangeran longsor"" dan sudah ramai dilihat masyarakat lantaran cepatnya penyebaran berantai di grup-grup keluarga maupun story media sosial.","Beredar pesan berantai di WhatsApp dengan narasi ""Cadas Pangeran longsor"" akibat gempa M4.8 Sumedang.",1
2-Jan-24,GEMPA SUSULAN DI SUMEDANG BERKEKUATAN 7.0 SKALA RICHTER,Misleading content,Beredar story WhatsApp yang mengabarkan akan ada gempa susulan di Sumedang berkekuatan 7.0 Skala Richter menurut penelitian BMKG.,Beredar story WhatsApp yang mengabarkan akan ada gempa susulan di Sumedang berkekuatan 7.0 Skala Richter menurut penelitian BMKG.,1
2-Jan-24,"GEMPA SUSULAN BERPUSAT DI NYALINDUNG, CITIMUN KECAMATAN CIMALAKA, SUMEDANG.",Misleading content,Beredar story WhatsApp yang mengabarkan akan ada gempa susulan berpusat di Nyalindung Citimun Kecamatan Cimalaka.,Beredar story WhatsApp yang mengabarkan akan ada gempa susulan berpusat di Nyalindung Citimun Kecamatan Cimalaka.,1
3-Jan-24,"MATA AIR CIPANAS CILEUNGSING, BUAH DUA, KABUPATEN SUMEDANG SURUT TANDA DARI ERUPSI GUNUNG TAMPOMAS",Misleading content,"Beredar berita bahwa mata air Cipanas Cileungsing, Buah Dua Kabupaten Sumedang yang surut merupakan tanda-tanda erupsi gunung Tampomas.","Beredar berita bahwa mata air Cipanas Cileungsing, Buah Dua, Sumedang yang surut merupakan tanda-tanda erupsi Gunung Tampomas.",1
5-Jan-24,PERKIRAAN GEMPA SUSULAN YANG LEBIH BESAR DI SUMEDANG DENGAN WAKTU YANG BELUM DITENTUKAN,Misleading content,Beredar tangkapan layar percakapan di WhatsApp yang membicarakan tentang hasil rapat BPBD di RSUD Sumedang menyimpulkan bahwa akan adanya gempa susulan lebih besar daripada yang sebelumnya.,Beredar tangkapan layar percakapan WhatsApp yang mengklaim hasil rapat BPBD di RSUD Sumedang menyimpulkan akan ada gempa susulan yang lebih besar.,1
15-Feb-24,HATI-HATI PENIPUAN MENGATASNAMAKAN Roy Andika Kasi Pidsus Kejari Sumedang,Hati-hati Penipuan,"Beredar sebuah akun WhatsApp yang mengaku sebagai Kasi Pidsus Kejari Sumedang, Roy Andika. Akun tersebut diketahui telah menghubungi beberapa pihak di wilayah Sumedang, serta masyarakat Sumedang. Namun setelah ditelusuri lebih lanjut, diketahui jika akun tersebut bukan milik Kasi Pidsus Kejari Sumedang.","Beredar penipuan yang mengatasnamakan Roy Andika, Kasi Pidsus Kejari Sumedang.",1
2-Apr-24,"HATI-HATI PENIPUAN MENGATASNAMAKAN SYARIF EFFENDI BADAR, S.Sos. MSi Kepala Satuan Polisi Pamong Praja",Hati-hati Penipuan,Beredar sebuah nomor WhatsApp yang mengatasnamakan Kasatpol PP Sumedang Syarif Effendi Badar. Akun tersebut memasang nama dan foto Syarif dan menghubungi lewat telepon beberapa pengguna WhatsApp menagih uang operasional anggota yang kelapangan dan meminta uang rekomendasi. Sumedang Saber Hoaks turut mengimbau masyarakat agar berhati-hati apabila menerima pesan serupa nantinya.,"Beredar nomor WhatsApp mengatasnamakan Kasatpol PP Sumedang Syarif Effendi Badar, menagih uang operasional anggota atau meminta uang rekomendasi. Masyarakat diimbau berhati-hati.",1
17-Apr-24,DISDUK CAPIL SUMEDANG OPEN DONASI TEBUS MURAH UNTUK BANTUAN NAGARA,Misleading content,Beredar postingan di Instagram Disduk Capil Sumedang yang mengiklankan Open Donasi Tebus Murah untuk Bantuan Nagara.,Beredar postingan di Instagram Disduk Capil Sumedang yang mengiklankan Open Donasi Tebus Murah untuk Bantuan Nagara.,1
23-Apr-24,"HATI-HATI PENIPUAN MENGATASNAMAKAN Drs. H. Yudia Ramli., M.Si Pj Bupati Sumedang",Hati-hati Penipuan,Apabila ada Oknum yang Mengirimkan Pesan Melalui Akun Facebook dan WhatsApp Mengatasnamakan Pj Bupati Sumedang dengan Modus meminta Nomor Rekening Lembaga/Perorangan Serta Memberikan Janji Bantuan Donasi Maupun Lain. Sumedang Saber Hoaks turut mengingatkan masyarakat agar berhati-hati apabila menerima pesan serupa nantinya.,"Beredar pesan melalui Facebook dan WhatsApp mengatasnamakan Pj Bupati Sumedang, Drs. H. Yudia Ramli., M.Si, dengan modus meminta nomor rekening atau menjanjikan bantuan/donasi.",1
22-May-24,"HATI-HATI PENIPUAN MENGATASNAMAKAN Drs. H. Yudia Ramli., M.Si Pj Bupati Sumedang",Hati-hati Penipuan,"Muncul Postingan Giveaway di akun pj_bupati_sumedang yang menawarkan unit IPhone 15 Promax, tetapi telah dikonfirmasi bahwa akun resmi Pj Bupati Sumedang tersebut telah di hack oleh pihak yang tidak bertanggung jawab.","Beredar penipuan yang mengatasnamakan Pj Bupati Sumedang, Drs. H. Yudia Ramli., M.Si.",1
4-Sep-24,IBU IDA DAYAK DATANG KE SUMEDANG BUKA PENDAFTARAN UNTUK PENGOBATAN,Imposter content,"Beredar postingan/infografis di sosial media yang menginformasikan akan datangnya Ibu Dayak ke Gedung Negara di Sumedang, dan membuka pendaftaran untuk Tanggal 5 sampai 6 September.",Beredar kabar bahwa Ibu Ida Dayak datang ke Sumedang dan membuka pendaftaran untuk pengobatan.,1
5-Oct-24,Jubir Baru KPK Tessa Mahardhika Ditunjuk Pimpin Rapat Geng Negara Maju (dugaan korupsi Bupati Bandung dan Sumedang),Misleading content,"Beredar informasi hoaks terkait dugaan tindak pidana korupsi Bupati Bandung dan Sumedang pada 4 Oktober 2024 yang didalami oleh KPK. Faktanya, juru bicara KPK yang benar Tessa Mahardhika Sugiarta tidak pernah memberikan pernyataan terkait dugaan tersebut. Sebaliknya, informasi yang benar adalah berita yang berasal dari CNBC Indonesia pada 14 Juni 2024, di mana Tessa ditunjuk sebagai Co-Chair dalam rapat penting terkait pemberantasan korupsi di tingkat global bukan dugaan kasus korupsi lokal.","Beredar informasi hoaks bahwa Jubir KPK Tessa Mahardhika menunjuk rapat mendalami dugaan korupsi Bupati Bandung dan Sumedang (4 Okt 2024). Faktanya, Tessa ditunjuk sebagai Co-Chair rapat pemberantasan korupsi global (14 Jun 2024).",1
24-Oct-24,MOBIL BERPLAT MERAH IKUT KAMPANYE,Misleading content,"Video yang beredar menyebutkan bahwa mobil plat merah milik DPPKBP3A Sumedang terlibat dalam kampanye. Kepala Bidang Pemberdayaan Perempuan dan Perlindungan Anak pada DPPKBP3A Sumedang Ekki Riswandiyah menegaskan, jika video viral mobil dinas dipakai kampanye itu tidak benar adanya atau berita hoax. Mobil yang plat merah yang ada dalam video itu dipakai oleh tim konselor Puspaga (Pusat pembelajaran keluarga).",Video beredar yang mengklaim mobil dinas plat merah milik DPPKBP3A Sumedang terlibat kampanye adalah hoaks. Mobil tersebut dipakai oleh tim konselor Puspaga (Pusat Pembelajaran Keluarga).,1
23-Nov-24,"HATI-HATI PENIPUAN MENGATASNAMAKAN Hj. Tuti Ruswati, S.Sos., M.Si. Sekretaris Daerah Kabupaten Sumedang",Hati-hati Penipuan,"Beredar akun WhatsApp bernomor +62 852 1008 4436 mengatasnamakan Sekda Kabupaten Sumedang. Akun tersebut memasang foto Tuti sebagai foto profilnya dan menghubungi pengguna WhatsApp menanyakan beberapa hal tentang donasi. Faktanya akun tersebut palsu. Akun asli Sekda Sumedang, dari @official.sekdasmd menjelaskan akun WhatsApp tersebut adalah penipuan. Kami berpesan kepada masyarakat agar berhati-hati dan mengabaikan jika menerima pesan dan meminta mentransfer dana atau apapun.","Beredar akun WhatsApp mengatasnamakan Sekda Sumedang Hj. Tuti Ruswati, S.Sos., M.Si. yang meminta donasi. Akun tersebut palsu dan merupakan penipuan.",1
18-Jan-25,"HATI-HATI PENIPUAN MENGATASNAMAKAN BAMBANG RIANTO, S.STP, M.Si. Kepala Diskominfosanditik Kab Sumedang",Hati-hati Penipuan,Beredar akun WhatsApp bernomor +62 813-1532-2799 mengatasnamakan Kabid Informasi Komunikasi Publik Diskominfosanditik Sumedang. Akun tersebut memasang infografis sebagai foto profilnya dan menghubungi pengguna WhatsApp. Setelah dikonfirmasi oleh Pak Erick Febriana sendiri bahwa nomor WhatsApp tersebut bukan miliknya. Kami berpesan kepada masyarakat agar berhati-hati dan mengabaikan jika menerima pesan dan meminta mentransfer dana atau apapun.,"Beredar penipuan yang mengatasnamakan Bambang Rianto, S.STP, M.Si., Kepala Diskominfosanditik Sumedang.",1
19-Jan-25,"HATI-HATI PENIPUAN MENGATASNAMAKAN ERICK FEBRIANA, S.Sn. Kabid Informasi Komunikasi Publik Diskominfosanditik Kab. Sumedang.",Hati-hati Penipuan,Beredar akun WhatsApp bernomor +62 813-1532-2799 mengatasnamakan Kabid Informasi Komunikasi Publik Diskominfosanditik Sumedang. Akun tersebut memasang infografis sebagai foto profilnya dan menghubungi pengguna WhatsApp. Setelah dikonfirmasi oleh Pak Erick Febriana sendiri bahwa nomor WhatsApp tersebut bukan miliknya. Kami berpesan kepada masyarakat agar berhati-hati dan mengabaikan jika menerima pesan dan meminta mentransfer dana atau lainnya.,"Beredar akun WhatsApp mengatasnamakan Kabid Informasi Komunikasi Publik Diskominfosanditik, Erick Febriana, S.Sn., yang meminta transfer dana. Nomor tersebut bukan miliknya dan merupakan penipuan.",1
24-May-25,PMI SUMEDANG GALANG TEBUS MURAH 2 IPHONE 15 PRO,Imposter content,"Beredar sebuah unggahan di media sosial Instagram official @pmisumedang yang mengeklaim adanya ""SPESIAL EVENT PROGRAM PENGGALANGAN TEBUS MURAH 2 UNIT NEW IPHONE 15 PRO 256 GB GARANSI RESMI TAM"". Cek Fakta: Setelah dilakukan konfirmasi langsung dengan PMI Kabupaten Sumedang, diketahui bahwa akun Instagram resmi mereka telah diretas oleh pihak yang tidak bertanggung jawab. Sehubungan dengan hal tersebut, PMI Sumedang mengimbau kepada masyarakat agar berhati-hati.","Akun Instagram resmi @pmisumedang diretas dan mengunggah klaim galang dana ""TEBUS MURAH 2 UNIT NEW IPHONE 15 PRO"". PMI Sumedang mengonfirmasi unggahan tersebut adalah hoaks/penipuan.",1
26-Jun-25,"HATI-HATI PENIPUAN MENGATASNAMAKAN M. FAJAR ALDILA, S.H., M.Kn. Wakil Bupati Sumedang",Hati-hati Penipuan,Akun WhatsApp dengan nomor 0899-9412-7060 yang mengatasnamakan Wakil Bupati Sumedang Bapak Fajar Aldila adalah hoaks atau modus penipuan. Setelah konfirmasi dengan Protokol Pemda Sumedang bahwa pesan tersebut bukan dari Bapak Wakil Bupati Sumedang dan merupakan modus penipuan. Kami meminta kepada masyarakat yang mendapatkan pesan serupa untuk mengabaikannya dan diharapkan agar mengonfirmasi terlebih dahulu.,"Beredar akun WhatsApp mengatasnamakan Wakil Bupati Sumedang, M. Fajar Aldila, S.H., M.Kn., yang meminta transfer dana. Protokol Pemda Sumedang mengonfirmasi itu adalah hoaks/penipuan.",1
2-Jul-25,"HATI-HATI PENIPUAN MENGATASNAMAKAN M. FAJAR ALDILA, S.H., M.Kn. Wakil Bupati Sumedang",Hati-hati Penipuan,"Sedang ramai Akun WhatsApp yang mengatasnamakan Wakil Bupati Sumedang Bapak Fajar Aldila. Hal tersebut adalah hoaks atau modus penipuan. Setelah konfirmasi dengan Protokol Pemda Sumedang, bahwa pesan tersebut bukan dari Bapak Wakil Bupati Sumedang dan merupakan modus penipuan. Kami meminta kepada masyarakat yang mendapatkan pesan serupa untuk mengabaikannya dan diharapkan agar mengonfirmasi terlebih dahulu.","Beredar ramai akun WhatsApp yang mengatasnamakan Wakil Bupati Sumedang, M. Fajar Aldila, S.H., M.Kn.. Protokol Pemda Sumedang mengonfirmasi itu adalah hoaks/penipuan.",1
15-Aug-25,"HATI-HATI PENIPUAN MENGATASNAMAKAN Dr. H. Dony Ahmad Munir, ST., MM. Bupati Sumedang",Hati-hati Penipuan,Akun WhatsApp dengan nomor 0856-7611-179 yang mengatasnamakan Bupati Sumedang Bapak Dony Ahmad Munir adalah hoaks atau modus penipuan. Setelah konfirmasi dengan Protokol Pemda Sumedang bahwa pesan tersebut bukan dari Bapak Bupati Sumedang dan merupakan modus penipuan. Kami meminta kepada masyarakat yang mendapatkan pesan serupa untuk mengabaikannya dan diharapkan agar mengonfirmasi terlebih dahulu.,"Beredar akun WhatsApp mengatasnamakan Bupati Sumedang, Dr. H. Dony Ahmad Munir, ST., MM., yang meminta transfer dana. Protokol Pemda Sumedang mengonfirmasi itu adalah hoaks/penipuan.",1
11-Sep-25,"HATI-HATI PENIPUAN MENGATASNAMAKAN Dr. H. Dony Ahmad Munir, ST., MM. Bupati Sumedang",Hati-hati Penipuan,Akun WhatsApp dengan nomor 0821-7777-3860 yang mengatasnamakan Bupati Sumedang Bapak Dony Ahmad Munir adalah hoaks atau modus penipuan. Setelah konfirmasi dengan Protokol Pemda Sumedang bahwa pesan tersebut bukan dari Bapak Bupati Sumedang dan merupakan modus penipuan. Kami meminta kepada masyarakat yang mendapatkan pesan serupa untuk mengabaikannya dan diharapkan agar mengonfirmasi terlebih dahulu.,"Beredar akun WhatsApp mengatasnamakan Bupati Sumedang, Dr. H. Dony Ahmad Munir, ST., MM. Protokol Pemda Sumedang mengonfirmasi itu adalah hoaks/penipuan.",1
21-Jan-25,Usai Dilantik Dony Fajar Tancap Gas Wujudkan Sumedang Lebih Maju,Pemerintahan,"Dony Ahmad Munir dan M. Fajar Aldila, yang baru dilantik, langsung berkomitmen mewujudkan Sumedang yang lebih maju.","Dony Ahmad Munir dan M. Fajar Aldila, yang baru dilantik, langsung berkomitmen mewujudkan Sumedang yang lebih maju.",0
13-Jan-25,"Sumedang Jadi Daerah Paling Sering Disambar Petir di Jawa Barat 2024, Ini Data BMKG",Informasi Publik/Bencana,Informasi resmi dari BMKG mengenai data frekuensi sambaran petir di Sumedang sepanjang tahun 2024.,Informasi resmi dari BMKG mengenai data frekuensi sambaran petir di Sumedang sepanjang tahun 2024.,0
10-Jan-25,Bupati dan Wakil Bupati Sumedang Periode 2025-2030 Resmi Dilantik,Pemerintahan,Berita resmi mengenai pelantikan Pasangan Calon Bupati dan Wakil Bupati Sumedang Terpilih.,Berita resmi mengenai pelantikan Pasangan Calon Bupati dan Wakil Bupati Sumedang Terpilih.,0
8-Jan-25,"Kembali Pimpin Sumedang, Dony Ahmad Munir Siap Bawa Sumedang Lebih Melesat",Pemerintahan,Pernyataan resmi Bupati terpilih mengenai visi dan kesiapan melanjutkan kepemimpinan untuk kemajuan Sumedang.,Pernyataan resmi Bupati terpilih mengenai visi dan kesiapan melanjutkan kepemimpinan untuk kemajuan Sumedang.,0
31 Dec 2024,Pemkab Sumedang Siapkan Langkah Strategis Hadapi Ramadhan,Pemerintahan/Keamanan,Pemerintah Kabupaten Sumedang bersama Polres dan Satpol PP menyiapkan patroli untuk mencegah potensi kerusuhan dan menjaga ketentraman masyarakat menjelang Ramadhan.,Pemerintah Kabupaten Sumedang bersama Polres dan Satpol PP menyiapkan patroli untuk mencegah potensi kerusuhan dan menjaga ketentraman masyarakat menjelang Ramadhan.,0
9-Jan-25,PENETAPAN PASLON BUPATI DAN WAKIL BUPATI SUMEDANG TERPILIH DALAM PILBUP SUMEDANG TAHUN 2024,Politik/KPU,"KPU Kabupaten Sumedang menetapkan Pasangan Calon Dony Ahmad Munir dan M. Fajar Aldila sebagai Bupati dan Wakil Bupati Sumedang Terpilih 2024 dengan perolehan suara sah sebanyak 313.117 suara (49,49%).","KPU Kabupaten Sumedang menetapkan Pasangan Calon Dony Ahmad Munir dan M. Fajar Aldila sebagai Bupati dan Wakil Bupati Sumedang Terpilih 2024 dengan perolehan suara sah sebanyak 313.117 suara (49,49%).",0
28-Dec-24,Puluhan Desa di Sumedang Berhasil Torehkan Prestasi di Tahun 2024,Pemerintahan Desa,Kepala DPMD Kabupaten Sumedang Asep Aan Dahlan memimpin Rapat Koordinasi Penyelenggaraan Pemerintah Desa terkait prestasi desa-desa sepanjang tahun 2024.,Kepala DPMD Kabupaten Sumedang Asep Aan Dahlan memimpin Rapat Koordinasi Penyelenggaraan Pemerintah Desa terkait prestasi desa-desa sepanjang tahun 2024.,0
15-Nov-24,Pemkab Sumedang raih penghargaan 'Kabupaten Informatif' di KIP 2024,Prestasi Daerah,Pj Bupati Yudia Ramli menegaskan komitmen untuk keterbukaan informasi publik setelah Kabupaten Sumedang meraih penghargaan Kabupaten Informatif pada Anugerah KIP 2024.,Pj Bupati Yudia Ramli menegaskan komitmen untuk keterbukaan informasi publik setelah Kabupaten Sumedang meraih penghargaan Kabupaten Informatif pada Anugerah KIP 2024.,0
17-Dec-24,8 Peristiwa Besar di Sumedang yang Bikin Geger Sepanjang 2024,Bencana/Peristiwa,"Laporan mengenai 8 kejadian besar yang menjadi perhatian publik sepanjang 2024, termasuk Angin Puting Beliung di Jatinangor (21/2/2024) dan Kebakaran Pabrik Tekstil Raksasa (29/2/2024).","Laporan mengenai 8 kejadian besar yang menjadi perhatian publik sepanjang 2024, termasuk Angin Puting Beliung di Jatinangor (21/2/2024) dan Kebakaran Pabrik Tekstil Raksasa (29/2/2024).",0
27-Nov-24,QC SRC: Paslon Dony-Fajar Unggul 51 Persen di Pilbup Sumedang,Politik/Quick Count,Pengumuman hasil Quick Count (QC) resmi oleh SRC dan Tim Internal Paslon Dony-Fajar yang menunjukkan keunggulan 51% perolehan suara di Pilbup Sumedang (Catatan: Hasil resmi tetap oleh KPU).,Pengumuman hasil Quick Count (QC) resmi oleh SRC dan Tim Internal Paslon Dony-Fajar yang menunjukkan keunggulan 51% perolehan suara di Pilbup Sumedang.,0
4-Oct-24,Sosialisasi Pengelolaan Sampah di Sekolah,Lingkungan Hidup,DLH Kabupaten Sumedang mengadakan sosialisasi pengelolaan sampah di SMA Santo Thomas 1 untuk meningkatkan kesadaran siswa.,DLH Kabupaten Sumedang mengadakan sosialisasi pengelolaan sampah di SMA Santo Thomas 1 untuk meningkatkan kesadaran siswa.,0
5-Jul-24,Peraturan Bupati (Perbup) Kabupaten Sumedang Nomor 26 Tahun 2024 tentang Rencana Kerja Pemerintah Daerah Kabupaten Sumedang Tahun 2025,Regulasi Daerah,"Peraturan resmi Bupati yang mengatur tentang kedudukan, ruang lingkup, sasaran, prioritas, rencana kerja, dan pendanaan RKPD Tahun 2025.",Peraturan resmi Bupati Kabupaten Sumedang Nomor 26 Tahun 2024 tentang Rencana Kerja Pemerintah Daerah Kabupaten Sumedang Tahun 2025.,0
14-Nov-25,"Sumedang Dapat Kuota Haji 74 Orang di 2026, Sistem Baru Berdampak pada Masa Tunggu 26 Tahun",Agama/Haji,Laporan resmi mengenai kuota haji Sumedang untuk tahun 2026 dan dampak sistem baru pada masa tunggu.,Laporan resmi mengenai kuota haji Sumedang untuk tahun 2026 dan dampak sistem baru pada masa tunggu (26 tahun).,0
14-Nov-25,Pemda Sumedang Siap Berkolaborasi Wujudkan Kampung Budaya Sumedang Larang,Budaya,Rencana Pemda Sumedang untuk berkolaborasi dan mendukung terwujudnya Kampung Budaya Sumedang Larang.,Pemda Sumedang menyatakan siap berkolaborasi dan mendukung terwujudnya Kampung Budaya Sumedang Larang.,0
15-Nov-25,Sumedang Masuk 5 Besar West Java Investment Summit 2025: Integrasi Padi Organik Berbasis Ekonomi Sirkuler,Prestasi Daerah/Ekonomi,Kabupaten Sumedang meraih prestasi membanggakan di West Java Investment Summit 2025 berkat integrasi padi organik.,Kabupaten Sumedang meraih prestasi di West Java Investment Summit 2025 berkat integrasi padi organik Berbasis Ekonomi Sirkuler.,0
1-Oct-25,Sumedang Gelar Upacara Hari Kesaktian Pancasila 2025: Satyalancana dan SK Pangkat Diserahkan,Pemerintahan/Upacara,Pemerintah Daerah Kabupaten Sumedang menggelar Upacara Peringatan Hari Kesaktian Pancasila di Lapangan Pusat Pemerintahan Sumedang (PPS).,Pemerintah Daerah Kabupaten Sumedang menggelar Upacara Peringatan Hari Kesaktian Pancasila 2025 di Lapangan PPS.,0
10-Oct-25,Juara Jawa-Bali: Sumedang Sabet TPAKD Award 2025!,Prestasi Daerah/Ekonomi,Kabupaten Sumedang kembali meraih penghargaan TPAKD Award 2025 sebagai TPAKD Terbaik Tingkat Kabupaten/Kota Wilayah Jawa-Bali.,Kabupaten Sumedang meraih penghargaan TPAKD Award 2025 sebagai TPAKD Terbaik Tingkat Kabupaten/Kota Wilayah Jawa-Bali.,0
23-Oct-25,Raperda APBD 2026 Kabupaten Sumedang Resmi Dibahas di Rapat Paripurna DPRD,Legislatif,DPRD Kabupaten Sumedang menggelar Rapat Paripurna dalam rangka penyampaian Nota Legislatif Raperda APBD 2026.,DPRD Kabupaten Sumedang membahas Raperda APBD 2026 dalam Rapat Paripurna.,0
29-Sep-25,Setwan Sumedang Raih Penghargaan JDIH Jawa Barat 2025 Kategori Peningkatan Kinerja,Prestasi Daerah,Sekretariat DPRD (Setwan) Kabupaten Sumedang meraih penghargaan Kategori Anggota Jaringan Dokumentasi dan Informasi Hukum (JDIH) Jawa Barat 2025.,Sekretariat DPRD (Setwan) Kabupaten Sumedang meraih penghargaan JDIH Jawa Barat 2025 Kategori Peningkatan Kinerja.,0
2-Dec-24,Kerja Sama dengan Balai Diklat Keagamaan (BDK) Kabupaten Sumedang,Kerjasama Antarlembaga,BDK Kabupaten Sumedang melakukan audiensi dengan Dinas LHK Sumatera Utara untuk menjalin kerja sama dalam bidang pendidikan dan pelatihan terkait lingkungan hidup.,BDK Kabupaten Sumedang menjalin kerja sama dengan Dinas LHK Sumatera Utara untuk bidang pendidikan dan pelatihan terkait lingkungan hidup.,0
18-Nov-25,Kanwil Kemenkum Jabar Laksanakan Pemeriksaan Substantif Permohonan Indikasi Geografis Mangga Gedong Gincu Sumedang,Ekonomi/Hukum,Kanwil Kemenkumham Jawa Barat melakukan pemeriksaan permohonan Indikasi Geografis untuk Mangga Gedong Gincu dari Sumedang.,Kanwil Kemenkumham Jawa Barat melakukan pemeriksaan permohonan Indikasi Geografis untuk Mangga Gedong Gincu Sumedang.,0
28-Sep-25,Turnamen Voli Antar RW di Situraja Meriahkan HUT ke-80 RI,Event Daerah/Olahraga,"Berbagai kegiatan, termasuk turnamen voli, digelar di Situraja untuk memeriahkan peringatan HUT ke-80 Republik Indonesia.","Berbagai kegiatan, termasuk turnamen voli Antar RW, digelar di Situraja untuk memeriahkan peringatan HUT ke-80 RI.",0
18-Nov-25,Pemkab Sumedang akan Bebaskan Biaya Persetujuan Bangunan Gedung untuk Ponpes,Regulasi Daerah/Pendidikan,Pemerintah Kabupaten Sumedang akan membebaskan biaya perizinan Persetujuan Bangunan Gedung (PBG) untuk pondok pesantren.,Pemkab Sumedang akan membebaskan biaya perizinan Persetujuan Bangunan Gedung (PBG) untuk pondok pesantren.,0
17-Nov-25,Pemkab Sumedang Targetkan Pembangunan 39 KDMP dan KKMP hingga Akhir Tahun 2025,Pembangunan Daerah,Pemkab Sumedang menargetkan pembangunan 39 Kawasan Digital Mandiri Pangan (KDMP) dan Kawasan Keberdayaan Masyarakat Pertanian (KKMP) di seluruh wilayah.,Pemkab Sumedang menargetkan pembangunan 39 Kawasan Digital Mandiri Pangan (KDMP) dan Kawasan Keberdayaan Masyarakat Pertanian (KKMP) hingga Akhir Tahun 2025.,0
17-Nov-25,Sumedang Masuk Tiga Besar Literasi Terbaik Kab/Kota di Jawa Barat,Prestasi Daerah/Pendidikan,Kabupaten Sumedang diakui sebagai salah satu dari tiga besar daerah dengan tingkat literasi terbaik di Jawa Barat.,Kabupaten Sumedang diakui sebagai salah satu dari tiga besar daerah dengan tingkat literasi terbaik di Jawa Barat.,0
18-Nov-25,"Perkuat Sinergitas Antar Lembaga, DPRD dan Bank Sumedang Jalin Kerjasama Dengan Kejaksaan",Kerjasama Antarlembaga,DPRD dan Bank Sumedang menjalin kerja sama dengan Kejaksaan untuk memperkuat sinergitas antar lembaga daerah.,DPRD dan Bank Sumedang menjalin kerja sama dengan Kejaksaan untuk memperkuat sinergitas antar lembaga daerah.,0
17-Nov-25,DPKP Sumedang Gelar Gerakan Pangan Murah (GPM) untuk Stabilisasi Harga,Ekonomi/Pangan,Dinas Ketahanan Pangan dan Perikanan (DPKP) Sumedang menyelenggarakan GPM untuk menjaga stabilisasi pasokan dan harga pangan.,Dinas Ketahanan Pangan dan Perikanan (DPKP) Sumedang menyelenggarakan Gerakan Pangan Murah (GPM) untuk stabilisasi harga.,0
17-Nov-25,"UNSAP Sumedang Wisuda 1.262 Lulusan, Dibagi dalam Dua Gelombang",Pendidikan,Universitas Sebelas April (UNSAP) Sumedang melaksanakan wisuda untuk 1.262 lulusannya.,Universitas Sebelas April (UNSAP) Sumedang melaksanakan wisuda untuk 1.262 lulusannya dalam dua gelombang.,0
17-Nov-25,Anggota PPK di Sumedang Mulai Dibekali Tata Cara Pemungutan dan Penghitungan Suara untuk Pilkada,Politik/Pilkada,Anggota Panitia Pemilihan Kecamatan (PPK) di Sumedang menerima pembekalan tentang tata cara pemungutan suara untuk Pilkada.,Anggota Panitia Pemilihan Kecamatan (PPK) di Sumedang menerima pembekalan tentang tata cara pemungutan dan penghitungan suara untuk Pilkada.,0
16-Nov-25,Langkah Pj Bupati Sumedang Dalam Pengendalian Inflasi Dapat Pujian dari Tim Evaluator Kemendagri,Prestasi Daerah/Ekonomi,Langkah dan kebijakan Pj Bupati Sumedang dalam mengendalikan inflasi mendapat apresiasi dan pujian dari Tim Evaluator Kemendagri.,Langkah Pj Bupati Sumedang dalam pengendalian inflasi mendapat apresiasi dan pujian dari Tim Evaluator Kemendagri.,0
17-Nov-25,"Hasil Survei Indikator Politik untuk Pilkada Sumedang, Elektabilitas Pasangan Dony-Fajar Unggul Telak",Politik/Survei,Hasil survei Indikator Politik menunjukkan keunggulan elektabilitas Pasangan Dony-Fajar dalam Pilkada Sumedang.,Hasil Survei Indikator Politik menunjukkan keunggulan elektabilitas Pasangan Dony-Fajar dalam Pilkada Sumedang.,0
16-Nov-25,"Tak Bisa Ikuti Seleksi CPNS dan PPPK, Nakes Non ASN di Sumedang Mengadu ke DPRD",Ketenagakerjaan/Legislatif,Berita mengenai Nakes Non ASN di Sumedang yang menyampaikan keluhan dan mengadu ke DPRD karena tidak dapat mengikuti seleksi CPNS dan PPPK.,Nakes Non ASN di Sumedang menyampaikan keluhan dan mengadu ke DPRD karena tidak dapat mengikuti seleksi CPNS dan PPPK.,0
17-Nov-25,"Bupati Dony Turun Tangan, Atasi Saluran Air Mampet di Jalan P Gajah Agung",Pemerintahan/Infrastruktur,Bupati Dony secara langsung meninjau dan mengatasi masalah saluran air yang mampet di Jalan P Gajah Agung.,Bupati Dony secara langsung meninjau dan mengatasi masalah saluran air yang mampet di Jalan P Gajah Agung.,0
13-Sep-25,"Tok, Perda APBD Perubahan Sumedang 2025 di Sahkan DPRD",Legislatif/Keuangan Daerah,DPRD Kabupaten Sumedang mengesahkan Peraturan Daerah (Perda) tentang APBD Perubahan Tahun Anggaran 2025.,DPRD Kabupaten Sumedang mengesahkan Peraturan Daerah (Perda) tentang APBD Perubahan Tahun Anggaran 2025.,0
13-Sep-25,Bupati Dony Tinjau Pelaksanaan BIAS di SDN Sindangraja,Kesehatan/Pendidikan,Bupati Dony Ahmad Munir meninjau langsung pelaksanaan Bulan Imunisasi Anak Sekolah (BIAS) di SDN Sindangraja.,Bupati Dony Ahmad Munir meninjau langsung pelaksanaan Bulan Imunisasi Anak Sekolah (BIAS) di SDN Sindangraja.,0
13-Sep-25,Bupati Dony Usulkan Penambahan Pintu Tol di Wilayah Jatinangor ke Arah Sumedang,Infrastruktur,Bupati Dony mengusulkan penambahan pintu tol di Jatinangor untuk mempermudah akses ke wilayah Sumedang.,Bupati Dony mengusulkan penambahan pintu tol di Jatinangor untuk mempermudah akses ke wilayah Sumedang.,0
13-Sep-25,Pemkab Sumedang Berkomitmen Wujudkan Jalan Leucir nepi Ka Desa,Pemerintahan/Infrastruktur,Pemkab Sumedang berkomitmen untuk mewujudkan kondisi jalan yang baik (*leucir*) hingga ke tingkat desa.,Pemkab Sumedang berkomitmen untuk mewujudkan kondisi jalan yang baik (*leucir*) hingga ke tingkat desa.,0
18-Mar-25,Peraturan Bupati (Perbup) NO. 14 Tahun 2025 tentang Perubahan atas Perbup No. 52 Tahun 2024 (Penjabaran APBD 2025),Regulasi Daerah/Keuangan,Peraturan Bupati yang mengubah beberapa ketentuan terkait Penjabaran Anggaran Pendapatan dan Belanja Daerah (APBD) Tahun Anggaran 2025.,Peraturan Bupati yang mengubah beberapa ketentuan terkait Penjabaran Anggaran Pendapatan dan Belanja Daerah (APBD) Tahun Anggaran 2025.,0
4-Mar-25,"Wakil Bupati Sumedang Tinjau Kinerja Diskominfosanditik, Dorong Digitalisasi Daerah",Pemerintahan/Digitalisasi,Wakil Bupati Fajar Aldila meninjau Diskominfosanditik untuk memastikan kesiapan dan kinerja dinas dalam mengembangkan sistem informasi dan digitalisasi daerah.,Wakil Bupati Fajar Aldila meninjau Diskominfosanditik untuk memastikan kesiapan dan kinerja dinas dalam mengembangkan sistem informasi dan digitalisasi daerah.,0
19-Mar-25,BPJS Kesehatan Pastikan Akses Layanan JKN Tetap Terbuka Selama Libur Lebaran 2025,Kesehatan/Layanan Publik,BPJS Kesehatan Sumedang mengumumkan bahwa akses layanan JKN akan tetap tersedia selama periode libur Lebaran 2025.,BPJS Kesehatan Sumedang mengumumkan bahwa akses layanan JKN akan tetap tersedia selama periode libur Lebaran 2025.,0
4-Mar-25,"Banjir Cimanggung, Pemda Sumedang Siapkan Posko Tanggap Darurat",Bencana/Penanganan,Pemda Sumedang menyiapkan posko tanggap darurat untuk menangani banjir akibat luapan Sungai Cimande di Kecamatan Cimanggung.,Pemda Sumedang menyiapkan posko tanggap darurat untuk menangani banjir akibat luapan Sungai Cimande di Kecamatan Cimanggung.,0
4-Mar-25,Kabupaten Sumedang Gencarkan Sosialisasi Kebijakan Penggunaan DBHCHT 2025,Pemerintahan/Keuangan Daerah,Pemkab Sumedang gencar menyosialisasikan kebijakan penggunaan Dana Bagi Hasil Cukai Hasil Tembakau (DBHCHT) Tahun 2025.,Pemkab Sumedang gencar menyosialisasikan kebijakan penggunaan Dana Bagi Hasil Cukai Hasil Tembakau (DBHCHT) Tahun 2025.,0
21 May 2025,BKN Apresiasi Pemkab Sumedang: 174 CPNS Resmi Bergabung Lewat Proses Seleksi Transparan dan Akuntabel,Pemerintahan/Kepegawaian,"BKN memberikan apresiasi kepada Pemkab Sumedang atas proses seleksi CPNS yang transparan, dengan 174 CPNS resmi bergabung.","BKN memberikan apresiasi kepada Pemkab Sumedang atas proses seleksi CPNS yang transparan, dengan 174 CPNS resmi bergabung.",0
14-Nov-25,Pemkab Sumedang Siap Tawarkan Investasi di WJIS 2025,Ekonomi/Investasi,Pemkab Sumedang berkomitmen membangun daerah ramah investasi dan siap mempresentasikan potensi investasi di ajang West Java Investment Summit (WJIS) 2025.,Pemkab Sumedang berkomitmen membangun daerah ramah investasi dan siap mempresentasikan potensi investasi di ajang West Java Investment Summit (WJIS) 2025.,0
31-Oct-22,Diskominfosanditik Sumedang Raih Penghargaan Provinsi dan Nasional,Prestasi Daerah/Digitalisasi,"Diskominfosanditik Sumedang meraih enam penghargaan di tingkat provinsi dan dua di level nasional, termasuk Kabupaten Informatif dan Kabupaten Terbaik SPBE.","Diskominfosanditik Sumedang meraih enam penghargaan di tingkat provinsi dan dua di level nasional, termasuk Kabupaten Informatif dan Kabupaten Terbaik SPBE.",0
9-Dec-22,Sumedang Raih Predikat Kabupaten Informatif Tingkat Jawa Barat,Prestasi Daerah/KIP,Diskominfosanditik Sumedang meraih Anugerah Keterbukaan Informasi Publik (KIP Award) Jawa Barat Tahun 2022.,Diskominfosanditik Sumedang meraih Anugerah Keterbukaan Informasi Publik (KIP Award) Jawa Barat Tahun 2022.,0
14-Jun-23,Diskominfosanditik Sumedang Dorong Masyarakat Agar Melek Digital,Pendidikan/Digitalisasi,Kepala Diskominfosanditik Sumedang mensosialisasikan literasi digital kepada masyarakat.,Kepala Diskominfosanditik Sumedang mensosialisasikan literasi digital kepada masyarakat.,0
13-Dec-24,Diskominfosanditik Sumedang Gelar Peningkatan Kapasitas KIM di Pangandaran,Pemerintahan/Komunikasi,Diskominfosanditik mengadakan kegiatan peningkatan kapasitas untuk Forum Komunitas Informasi Masyarakat (F-KIM) untuk memperkuat peran dalam penyebaran informasi valid.,Diskominfosanditik mengadakan kegiatan peningkatan kapasitas untuk Forum Komunitas Informasi Masyarakat (F-KIM) untuk memperkuat peran dalam penyebaran informasi valid.,0
30-Apr-22,Kabupaten Sumedang Raih Penghargaan Kabupaten Terbaik Kedua Tingkat Nasional PPD 2022 (Bappenas),Prestasi Daerah,Kabupaten Sumedang dinobatkan sebagai kabupaten terbaik kedua nasional dalam perencanaan pencapaian inovasi pembangunan pada Anugerah Penghargaan Pembangunan Daerah (PPD) Tahun 2022.,Kabupaten Sumedang dinobatkan sebagai kabupaten terbaik kedua nasional dalam perencanaan pencapaian inovasi pembangunan pada Anugerah Penghargaan Pembangunan Daerah (PPD) Tahun 2022.,0
29-Apr-23,Pemkab Sumedang Raih Peringkat Ke-2 Terbaik Penyelenggara Daerah Nasional (EPPD 2022),Prestasi Daerah,Bupati Dony Ahmad Munir menerima Penghargaan Parasamya Purnakarya Nugraha atas kinerja terbaik ke-2 dari 415 kabupaten se-Indonesia dalam EPPD Tahun 2022.,Bupati Dony Ahmad Munir menerima Penghargaan Parasamya Purnakarya Nugraha atas kinerja terbaik ke-2 dari 415 kabupaten se-Indonesia dalam EPPD Tahun 2022.,0
31-Dec-24,Pemkab Sumedang Berhasil Meraih 52 Penghargaan Selama Tahun 2024,Prestasi Daerah,Pj Bupati Yudia Ramli memaparkan capaian keberhasilan Pemkab Sumedang yang meraih total 52 penghargaan sepanjang tahun 2024.,Pj Bupati Yudia Ramli memaparkan capaian keberhasilan Pemkab Sumedang yang meraih total 52 penghargaan sepanjang tahun 2024.,0
8-Oct-24,Pemkab Sumedang Raih Penghargaan Pelayanan Publik Terbaik dari MenPAN-RB,Prestasi Daerah/Layanan Publik,"Pemkab Sumedang meraih penghargaan Pelayanan Publik Terbaik dari MenPAN-RB, disertai peluncuran Mal Pelayanan Publik Digital (MPPD).","Pemkab Sumedang meraih penghargaan Pelayanan Publik Terbaik dari MenPAN-RB, disertai peluncuran Mal Pelayanan Publik Digital (MPPD).",0
30-Apr-23,Kabupaten Sumedang Raih Penghargaan Kinerja Terbaik Tahun 2023,Prestasi Daerah,Penghargaan tersebut melengkapi berbagai penghargaan yang telah diraih sebelumnya pada masa kepemimpinan Bupati Dony dan Wakil Bupati Erwan.,Penghargaan Kinerja Terbaik Tahun 2023 melengkapi berbagai penghargaan yang telah diraih sebelumnya pada masa kepemimpinan Bupati Dony dan Wakil Bupati Erwan.,0
28-Dec-24,Puluhan Desa di Sumedang Berhasil Torehkan Prestasi di Tahun 2024,Pemerintahan Desa,DPMD Sumedang mengadakan Rapat Koordinasi Penyelenggaraan Pemerintah Desa terkait prestasi desa-desa sepanjang tahun 2024.,DPMD Sumedang mengadakan Rapat Koordinasi Penyelenggaraan Pemerintah Desa terkait prestasi desa-desa sepanjang tahun 2024.,0
17-Nov-25,Pemkab Sumedang Berencana untuk Integrasikan Program Starbak dengan KDMP dan MBG,Pembangunan Daerah/Digitalisasi,Rencana Pemkab Sumedang untuk mengintegrasikan program Starbak dengan Kawasan Digital Mandiri Pangan (KDMP) dan Masjid Berbasis Gadget (MBG).,Rencana Pemkab Sumedang untuk mengintegrasikan program Starbak dengan Kawasan Digital Mandiri Pangan (KDMP) dan Masjid Berbasis Gadget (MBG).,0
